{
    "avg_metrics": {
        "accuracy": 0.4311522203580819,
        "precision": 0.01785976785879267,
        "recall": 0.7213721096676072,
        "f1_score": 0.03485430580245822,
        "auc": 0.6221556639235717,
        "balanced_accuracy": 0.5741686677888078,
        "mcc": 0.03560654408090834,
        "pr_auc": 0.025207900869600362,
        "threshold": 0.9800000000000001,
        "calibrated_auc": 0.6214876712394577,
        "calibrated_pr_auc": 0.02438476648795087,
        "platt_auc": 0.6221556639235717
    },
    "std_metrics": {
        "accuracy": 0.025894568406636835,
        "precision": 0.00021304695626611926,
        "recall": 0.031003918469904877,
        "f1_score": 0.00037992294569396925,
        "auc": 0.006959082289883246,
        "balanced_accuracy": 0.0029284389007412787,
        "mcc": 0.0014714056336076447,
        "pr_auc": 0.0006415319412764475,
        "threshold": 1.1102230246251565e-16,
        "calibrated_auc": 0.006926950708957093,
        "calibrated_pr_auc": 0.0006126732015000934,
        "platt_auc": 0.006959082289883246
    },
    "fold_metrics": [
        {
            "accuracy": 0.4526913241439531,
            "precision": 0.018145590796877154,
            "recall": 0.6988416988416989,
            "f1_score": 0.03537272049932211,
            "auc": 0.619416468549005,
            "balanced_accuracy": 0.5739734948769929,
            "mcc": 0.03540113052886197,
            "pr_auc": 0.02507029713537125,
            "threshold": 0.98,
            "calibrated_auc": 0.6189155798190777,
            "calibrated_pr_auc": 0.02438975723357067,
            "platt_auc": 0.619416468549005
        },
        {
            "accuracy": 0.4439731941759011,
            "precision": 0.017918804262036306,
            "recall": 0.7084349098000975,
            "f1_score": 0.034953511589025606,
            "auc": 0.6211179926017016,
            "balanced_accuracy": 0.5742974571496726,
            "mcc": 0.035451862249201674,
            "pr_auc": 0.024960983236615705,
            "threshold": 0.98,
            "calibrated_auc": 0.6202250548666306,
            "calibrated_pr_auc": 0.024033264867933793,
            "platt_auc": 0.6211179926017016
        },
        {
            "accuracy": 0.3993915327414984,
            "precision": 0.017486264049426624,
            "recall": 0.7639442231075697,
            "f1_score": 0.03418993915349811,
            "auc": 0.632944933154534,
            "balanced_accuracy": 0.5790955715542065,
            "mcc": 0.03795671251441279,
            "pr_auc": 0.026202779650484623,
            "threshold": 0.98,
            "calibrated_auc": 0.6324687212818286,
            "calibrated_pr_auc": 0.025402868540371874,
            "platt_auc": 0.632944933154534
        },
        {
            "accuracy": 0.40059322503742306,
            "precision": 0.01784367931641116,
            "recall": 0.7516843118383061,
            "f1_score": 0.03485984645599,
            "auc": 0.6254527322130454,
            "balanced_accuracy": 0.5735738073275543,
            "mcc": 0.03588735324794113,
            "pr_auc": 0.02553591296275043,
            "threshold": 0.98,
            "calibrated_auc": 0.6244560906109913,
            "calibrated_pr_auc": 0.02454455884190265,
            "platt_auc": 0.6254527322130454
        },
        {
            "accuracy": 0.4591118256916339,
            "precision": 0.017904500869212126,
            "recall": 0.6839554047503635,
            "f1_score": 0.0348955113144553,
            "auc": 0.6118461930995716,
            "balanced_accuracy": 0.5699030080356122,
            "mcc": 0.033335661864124136,
            "pr_auc": 0.024269531362779807,
            "threshold": 0.98,
            "calibrated_auc": 0.6113729096187603,
            "calibrated_pr_auc": 0.023553382955975352,
            "platt_auc": 0.6118461930995716
        }
    ]
}