{
    "accuracy": 0.43114667982474986,
    "balanced_accuracy": 0.5740707413305771,
    "precision": 0.017852237072310234,
    "recall": 0.721183800623053,
    "f1": 0.03484199287921474,
    "mcc": 0.035503334470631365,
    "auc": 0.6216893218982676,
    "average_precision": 0.024949737348489237,
    "true_negatives": 303657,
    "false_positives": 407554,
    "false_negatives": 2864,
    "true_positives": 7408,
    "specificity": 0.4269576820381012,
    "optimal_threshold": 0.98
}