{
    "accuracy": 0.8333333333333334,
    "precision": 0.8333333333333334,
    "recall": 1.0,
    "f1_score": 0.9090909090909091
}